Name	Position	Seq_Range	Gene_Name	Gene_ID	Type	Gene_Range	Transcript	Exon_ID	Intron	Exon	AB1	Ref	Seq	Result	
GXYY1-MC	2:189948754	2:189948734,189948774	-	-	-	-	-	-	-	-	GXYY1-MC-F.ab1	C	T/C	2
CXE-MH	17:48273298	17:48273278,48273318	-	-	-	-	-	-	-	-	CXE-MH-F.ab1	C	C/T	2
GXYY5-BC	2:189858792	2:189858772,189858812	-	-	-	-	-	-	-	-	GXYY5-BC-F.ab1	G	A/G	2
GXYY6-RM	2:189858969	2:189858949,189858989	-	-	-	-	-	-	-	-	GXYY6-RM-F.ab1	G	G/A	2
CXE-EM	17:48273298	17:48273278,48273318	-	-	-	-	-	-	-	-	B01_CXE_EM_CXE_F_003.ab1	C	T/C	2
GXYY8_RD-SD	9:137676854	9:137676834,137676874	-	-	-	-	-	-	-	-	B01_GXYY8_RD_SD_GXYY8_RD_F_003.ab1	G	G/C	2
HUK8-PC-UKB2	15:48729244	15:48729224,48729264	-	-	-	-	-	-	-	-	F01_HUK8_PC_UKB2_HUK8_F_011.ab1	C	C/T	2
LX14-26-UKB2	15:48703273	15:48703253,48703293	-	-	-	-	-	-	-	-	G01_LX14_26_UKB2_LX14_F_013.ab1	G	G	1
HUK8-PC_2-UKB2	15:48729244	15:48729224,48729264	-	-	-	-	-	-	-	-	C02_HUK8_PC_2_UK_HUK8_F_006.ab1	C	T/C	2
HX15_RD-GS_2-UKB2	16:15812194	16:15812174,15812214	-	-	-	-	-	-	-	-	-	-	-	0
HZ8-KB_2-UKB2	20:45354069	20:45354049,45354089	-	-	-	-	-	-	-	-	B02_HZ8_KB_2_UKB_HZ8_F_004.ab1	C	C/T	2
HZ1-BW-UKB2	2:189851842	2:189851822,189851862	-	-	-	-	-	-	-	-	B01_HZ1_BW_UKB2_HZ1_F_003.ab1	C	C/T	2
HX15_RD-GS-UKB2	16:15812194	16:15812174,15812214	-	-	-	-	-	-	-	-	C02_HX15_RD_GS_U_HX15_RD_F_006.ab1	C	C/T	2
HUK9-SD-UKB2	15:48782072	15:48782052,48782092	-	-	-	-	-	-	-	-	D02_HUK9_SD_UKB2_HUK9_F_008.ab1	T	C/T	2
HZ4-BW	2:189899700	2:189899680,189899720	-	-	-	-	-	-	-	-	F01_HZ4_BW_HZ4_F_011.ab1	T	T/A	2
HX14-DP	15:48760294	15:48760274,48760314	-	-	-	-	-	-	-	-	G01_HX14_DP_HX14_RD_F_013.ab1	G	A/G	2
LX14-AI_2	15:48703298	15:48703278,48703318	-	-	-	-	-	-	-	-	C01_LX14_AI_2_UK_LX14_F_005.ab1	T	T/TG	2
LX12-HM	9:101907012	9:101906992,101907032	-	-	-	-	-	-	-	-	C04_LX12_HM_UKB2_LX12_F_006.ab1	A	G/A	2
HX10-MH	15:48787416	15:48787396,48787436	-	-	-	-	-	-	-	-	HX10-MH-F.ab1	G	A/G	2
HX14-EO	15:48760242	15:48760222,48760262	-	-	-	-	-	-	-	-	HX14-EO-F.ab1	G	G/A	2
HX12-JD	9:101908876	9:101908856,101908896	-	-	-	-	-	-	-	-	C03_HX12_JD_UKB2_HX12_F_005.ab1	C	C/T	2
HX19-JD	15:48719927	15:48719907,48719947	-	-	-	-	-	-	-	-	E08_HX19_JD_UKB2_HX19_R_010.ab1	C	A/G	2
CZ1-DH	17:48266534	17:48266514,48266554	-	-	-	-	-	-	-	-	B06_CZ1_DH_UKB2_CZ1_R_004.ab1	G	T/C	2
HX16-MD	15:48776056	15:48776036,48776076	-	-	-	-	-	-	-	-	HX16-MD-F.ab1	T	A/T	2
HX14-EO_2	15:48760242	15:48760222,48760262	-	-	-	-	-	-	-	-	HX14-EO-F.ab1	G	G/A	2
HX1-JH	3:30729968	3:30729948,30729988	-	-	-	-	-	-	-	-	E03_HX1_JH_UKB2_HX1_F_009.ab1	C	T/C	2
HX13-LL	3:123339147	3:123339127,123339167	-	-	-	-	-	-	-	-	C03_HX13_LL_UKB2_HX13_F_005.ab1	A	G/A	2
LX5-FC	3:123426599	3:123426579,123426619	-	-	-	-	-	-	-	-	F03_LX5_FC_UKB2_LX5_F_011.ab1	A	A	1
HX23-AV	15:48829918	15:48829898,48829938	-	-	-	-	-	-	-	-	G02_HX23_AV_UKB2_HX23_F_014.ab1	C	T/C	2
HZ8-KB	20:45354069	20:45354049,45354089	-	-	-	-	-	-	-	-	B02_HZ8_KB_2_UKB_HZ8_F_004.ab1	C	C/T	2
LX16-SB	15:48712915	15:48712895,48712935	-	-	-	-	-	-	-	-	A03_LX16_SB_UKB2_LX16_F_001.ab1	G	G/T	2
HX3-DI	15:48789589	15:48789569,48789609	-	-	-	-	-	-	-	-	G01_HX3_DI_UKB2_HX3_F_013.ab1	C	C/A	2
HX11-LG	16:15820794	16:15820774,15820814	-	-	-	-	-	-	-	-	HX11-LG-F.ab1	G	G	1
LZ11-RW	20:45354323	20:45354303,45354343	-	-	-	-	-	-	-	-	B03_LZ11_RW_UKB2_LZ11_F_003.ab1	C	C/G	2
HZ1-BW	2:189851842	2:189851822,189851862	-	-	-	-	-	-	-	-	A02_HZ1_BW_2_UKB_HZ1_F_002.ab1	C	C/T	2
HZ1-RK	2:189851842	2:189851822,189851862	-	-	-	-	-	-	-	-	H03_HZ1_RK_UKB2_HZ1_F_015.ab1	C	T/C	2
CX3-HE	16:15814100	16:15814080,15814120	-	-	-	-	-	-	-	-	CX3-HE-F.ab1	T	G/T	2
HX6-EG	3:123401086	3:123401066,123401106	-	-	-	-	-	-	-	-	HX6-EG-F.ab1	C	C/T	2
CX1-AD	15:48762884	15:48762864,48762904	-	-	-	-	-	-	-	-	B02_CX1_AD_UKB2_CX1_F_004.ab1	C	G/C	2
LX15-DV	15:48707828	15:48707808,48707848	-	-	-	-	-	-	-	-	D03_LX15_DV_UKB2_LX15_F_007.ab1	A	T/A	2
HX21-RV	3:30732996	3:30732976,30733016	-	-	-	-	-	-	-	-	HX21-RV-F.ab1	C	C/T	2
HX18-EO_2	15:48780579	15:48780559,48780599	-	-	-	-	-	-	-	-	B03_HX18_EO_HX18_F_003.ab1	T	T/A	2
HX2-JT	16:15844048	16:15844028,15844068	-	-	-	-	-	-	-	-	C02_HX2_JT_UKB2_HX2_F_006.ab1	G	A/G	2
HX17-AM	15:48725102	15:48725082,48725122	-	-	-	-	-	-	-	-	HX17-AM-F.ab1	C	C/G	2
HX18-JO	15:48780579	15:48780559,48780599	-	-	-	-	-	-	-	-	-	-	-	0
HX8-GS	15:48936908	15:48936888,48936928	-	-	-	-	-	-	-	-	HX8-GS-F.ab1	T	C/T	2
HX15-GS	16:15812194	16:15812174,15812214	-	-	-	-	-	-	-	-	HX15-GS-F.ab1	C	C/T	2
HX15-GS_2	16:15812194	16:15812174,15812214	-	-	-	-	-	-	-	-	HX15-GS-F.ab1	C	C/T	2
HX15-NA	16:15812194	16:15812174,15812214	-	-	-	-	-	-	-	-	HX15-NA-F.ab1	C	C/T	2
HX7-PK	15:48764814	15:48764794,48764834	-	-	-	-	-	-	-	-	E01_HX7_PK_UKB2_HX7_F_009.ab1	G	G/C	2
LX38-RW	16:15932109	16:15932089,15932129	-	-	-	-	-	-	-	-	LX38-RW-F.ab1	T	T/C	2
CZ1-TF	17:48266534	17:48266514,48266554	-	-	-	-	-	-	-	-	CZ1-TF-F.ab1	G	A/G	2
HUK4-23DW1913	2:189863418	2:189863398,189863438	-	-	-	-	-	-	-	-	B01_HUK4_23DW191_HUK4_F_003.ab1	G	T/C	2
LUK6-LG	9:137619214	9:137619194,137619234	-	-	-	-	-	-	-	-	E01_LUK6_16_LG_LUK6_16_F_009.ab1	C	T/C	2
LUK12-ARCH773	17:48265302	17:48265282,48265322	-	-	-	-	-	-	-	-	LUK12-ARCH773-F.ab1	G	G/A	2
LUK12-ARCH777	17:48265302	17:48265282,48265322	-	-	-	-	-	-	-	-	LUK12-ARCH777-F.ab1	G	G/A	2
LUK12-ARCH778	17:48265302	17:48265282,48265322	-	-	-	-	-	-	-	-	LUK12-ARCH778-F.ab1	G	G/A	2
FUK12-RW-UKB2	9:101911534	9:101911514,101911554	-	-	-	-	-	-	-	-	G03_FUK12_RW_UKB_FUK12_F_013.ab1	C	C/T	2
HUK10-24PB0712	15:48807630	15:48807610,48807650	-	-	-	-	-	-	-	-	G09_24PB0712_HUK10_F_013.ab1	A	C/A	2
HUK10-24JF0720	15:48807579	15:48807559,48807599	-	-	-	-	-	-	-	-	E09_24JF0720_HUK10_F_009.ab1	C	T/C	2
HUK7-JF	2:189868862	2:189868842,189868882	-	-	-	-	-	-	-	-	HUK7-JF-F.ab1	G	A/G	2
GXYUK1-HB	2:189859313	2:189859293,189859333	-	-	-	-	-	-	-	-	GXYUK1-HB-F.ab1	G	A/G	2
HUK4-SA	2:189863446	2:189863426,189863466	-	-	-	-	-	-	-	-	HUK4-SA-F.ab1	T	T/C	2
LUK4-JH	2:189872869	2:189872849,189872889	-	-	-	-	-	-	-	-	LUK4-JH-F.ab1	G	A/G	2
LUK8-KH	9:137644441	9:137644421,137644461	-	-	-	-	-	-	-	-	LUK8-KH-F.ab1	C	C/CT	2
GXYUK4-GH	2:189907903	2:189907883,189907923	-	-	-	-	-	-	-	-	GXYUK4-GH-F.ab1	C	C/A	2
HUK3-SC	2:189861205	2:189861185,189861225	-	-	-	-	-	-	-	-	-	-	-	0
LUK7-WB	9:137620560	9:137620540,137620580	-	-	-	-	-	-	-	-	LUK7-WB-F.ab1	C	C/A	2
HUK5-RW	2:189867789	2:189867769,189867809	-	-	-	-	-	-	-	-	HUK5-RW-F.ab1	G	G/A	2
GXYUK10-LS	9:137713952	9:137713932,137713972	-	-	-	-	-	-	-	-	GXYUK10-LS-F.ab1	G	T/G	2
HUK5-JP	2:189867789	2:189867769,189867809	-	-	-	-	-	-	-	-	HUK5-JP-F.ab1	G	G/A	2
LUK9-JI	9:137655584	9:137655564,137655604	-	-	-	-	-	-	-	-	LUK9-JI-F.ab1	G	T/G	2
LUK5-29XX1916	3:123376276	3:123376256,123376296	-	-	-	-	-	-	-	-	E12_29XX1916_LUK5_010.ab1	C	C/A	2
HUK8-1323	15:48729224	15:48729204,48729244	-	-	-	-	-	-	-	-	D12_1323_HUK8_008.ab1	T	C/T	2
GXYUK2_RD-PP	2:189861900	2:189861880,189861920	-	-	-	-	-	-	-	-	C04_GXYUK2_RD_PP_GXYUK2_RD_R_006.ab1	G	G	1
HUK6_RD-JK	2:189868147	2:189868127,189868167	-	-	-	-	-	-	-	-	F01_HUK6_RD_JK_HUK6_RD_F_011.ab1	G	A/G	2
LUK8-MH	9:137644441	9:137644421,137644461	-	-	-	-	-	-	-	-	B04_LUK8_MH_LUK8_F_004.ab1	C	C/CT	2
HUK9-JG-UKB2	15:48782118	15:48782098,48782138	-	-	-	-	-	-	-	-	HUK9-JG-UKB2_F.ab1	G	C/G	2
HX10-MZ-UKB2	15:48787352	15:48787332,48787372	-	-	-	-	-	-	-	-	HX10-MZ-UKB2_F.ab1	G	G/A	2
FUK20-ND-UKB2	15:48782234	15:48782214,48782254	-	-	-	-	-	-	-	-	FUK20-ND-UKB2_F.ab1	C	C/A	2
FUK18-LC-UKB2	15:48773857	15:48773837,48773877	-	-	-	-	-	-	-	-	C02_FUK18_LC_UKB_FUK18_F_006.ab1	C	C/T	2
HUK8-LM-UKB2	15:48729251	15:48729231,48729271	-	-	-	-	-	-	-	-	D04_HUK8_LM_UKB2_HUK8_F_008.ab1	C	C/CG	2
HX1-24-UKB2	3:30730004	3:30729984,30730024	-	-	-	-	-	-	-	-	A03_HX1_24_UKB2_HX1_F_001.ab1	G	G/T	2
LUK13-FK-UKB2	17:48272626	17:48272606,48272646	-	-	-	-	-	-	-	-	A02_LUK13_FK_UKB_LUK13_F_002.ab1	G	G	1
FUK15-GA-UKB2	15:48737567	15:48737547,48737587	-	-	-	-	-	-	-	-	F07_FUK15_GA_UKB_FUK15_R_011.ab1	A	T/C	2
HX2-VB-UKB2	16:15844048	16:15844028,15844068	-	-	-	-	-	-	-	-	F04_HX2_VB_UKB2_HX2_F_012.ab1	G	A/G	2
FUK26-UA-UKB2	15:48812913	15:48812893,48812933	-	-	-	-	-	-	-	-	G04_FUK26_UA_UKB_FUK26_F_014.ab1	G	A/G	2
HX12-GC-UKB2	9:101908892	9:101908872,101908912	-	-	-	-	-	-	-	-	H02_HX12_GC_UKB2_HX12_F_016.ab1	G	A/G	2
FUK22-RP-UKB2	15:48787441	15:48787421,48787461	-	-	-	-	-	-	-	-	A02_FUK22_RP_UKB_FUK22_F_002.ab1	A	A/AGT	2
HX10-SL-UKB2	15:48787352	15:48787332,48787372	-	-	-	-	-	-	-	-	H03_HX10_SL_UKB2_HX10_F_015.ab1	G	G/A	2
FUK23-JB-UKB2	15:48788410	15:48788390,48788430	-	-	-	-	-	-	-	-	H03_FUK23_JB_UKB_FUK23_F_015.ab1	C	C/T	2
FUK20-VG-UKB2	15:48782270	15:48782250,48782290	-	-	-	-	-	-	-	-	B02_FUK20_VG_UKB_FUK20_F_004.ab1	G	A/G	2
LX18-SP-UKB2	15:48730093	15:48730073,48730113	-	-	-	-	-	-	-	-	F01_LX18_SP_UKB2_LX18_F_011.ab1	T	T/TA	2
FUK24-LR-UKB2	15:48800841	15:48800821,48800861	-	-	-	-	-	-	-	-	A01_FUK24_LR_UKB_FUK24_F_001.ab1	C	C/T	2
HUK10-IF-UKB2	15:48807579	15:48807559,48807599	-	-	-	-	-	-	-	-	-	-	-	0
HX21-22-UKB2	3:30732969	3:30732949,30732989	-	-	-	-	-	-	-	-	G01_HX21_22_UKB2_HX21_F_013.ab1	C	C/T	2
LX15-24SY0793	15:48707763	15:48707743,48707783	-	-	-	-	-	-	-	-	H12_24SY0793_LX15_016.ab1	C	C/T	2
LX15-NY-UKB2	15:48707763	15:48707743,48707783	-	-	-	-	-	-	-	-	D01_LX15_NY_UKB2_LX15_F_007.ab1	C	T/C	2
FUK15-RL-UKB2	15:48737567	15:48737547,48737587	-	-	-	-	-	-	-	-	H01_FUK15_RL_UKB_FUK15_F_015.ab1	A	G/A	2
HX6_RD-26-UKB2	3:123401086	3:123401066,123401106	-	-	-	-	-	-	-	-	E02_HX6_RD_26_UK_HX6_RD_F_010.ab1	C	T/C	2
FUK26-SH-UKB2	15:48812913	15:48812893,48812933	-	-	-	-	-	-	-	-	F02_FUK26_SH_UKB_FUK26_F_012.ab1	G	A/G	2
GXYY4-SK-UKB2	17:48275146	17:48275126,48275166	-	-	-	-	-	-	-	-	G02_GXYY4_SK_UKB_GXYY4_F_014.ab1	C	T/C	2
FUK19-MY-UKB2	15:48779599	15:48779579,48779619	-	-	-	-	-	-	-	-	H02_FUK19_MY_UKB_FUK19_F_016.ab1	G	A/G	2
FUK16-JS-UKB2	15:48752502	15:48752482,48752522	-	-	-	-	-	-	-	-	A04_FUK16_JS_UKB_FUK16_F_002.ab1	G	G/GTA	2
LX26-24JS0790	15:67463000	15:67462980,67463020	-	-	-	-	-	-	-	-	D01_LX26_24JS079_LX26_F_007.ab1	C	T/C	2
WYN13-29XX1917	17:48269160	17:48269140,48269180	-	-	-	-	-	-	-	-	A09_29XX1917_WYN13_F_001.ab1	C	T/C	2
WYN7-24SB1548	9:101900347	9:101900327,101900367	-	-	-	-	-	-	-	-	C09_24SB1548_WYN7_F_005.ab1	G	A/G	2
WYN9-24HS1554	15:48755450	15:48755430,48755470	-	-	-	-	-	-	-	-	F09_24HS1554_WYN9_011.ab1	T	T/TA	2
WYN8-21DK1227	9:137704603	9:137704583,137704623	-	-	-	-	-	-	-	-	-	-	-	0
LZ4-24HS1554	17:48263119	17:48263099,48263139	-	-	-	-	-	-	-	-	H09_24HS1554_LZ4_015.ab1	T	C/T	2
WYN10-23KM1908	16:15808900	16:15808880,15808920	-	-	-	-	-	-	-	-	-	-	-	0
WYN7-23KM1908	9:101900323	9:101900303,101900343	-	-	-	-	-	-	-	-	E02_WYN7_23KM190_WYN7_F_010.ab1	A	G/A	2
WYN3-24HC1541	3:123419583	3:123419563,123419603	-	-	-	-	-	-	-	-	G07_24HC1541_WYN3_013.ab1	G	A/G	2
WYN11-21DK1227	16:15813062	16:15813042,15813082	-	-	-	-	-	-	-	-	C12_21DK1227_WYN11_006.ab1	C	C/T	2
WYN12-24HC1541	16:15833770	16:15833750,15833790	-	-	-	-	-	-	-	-	H07_24HC1541_WYN12_015.ab1	T	T/TG	2
WYN1-24HC1541	1:2234712	1:2234692,2234732	-	-	-	-	-	-	-	-	F07_24HC1541_WYN1_011.ab1	C	G/C	2
LX29_RD-24TW1371	16:15820747	16:15820727,15820767	-	-	-	-	-	-	-	-	E12_LX29_RD_24TW_LX29_RD_F_010.ab1	C	C/G	2
